gene_name,R1105988,R1262106,R1287407,R1489314,R1531359,R1617674,R1710143,R1822146,R2079629,R2111091,R2516394,R2575548,R2624931,R2678902,R2716798,R2721311,R2731324,R2731764,R2803490,R3008520,R3257830,R3408213,R3477250,R3535957,R3739042,R3740754,R3741788,R3757880,R4119160,R4147686,R4276053,R4531942,R4917253,R5177066,R5211056,R5369295,R5449861,R5546461,R5766881,R5789564,R6114572,R6132310,R6476704,R6759986,R6847727,R6862468,R7025378,R7295303,R7738727,R7791442,R7876628,R7881801,R7959406,R8444624,R8457289,R8724814,R8845676,R8937093,R9354381,R9489952,R9596785,R9680160,R9781891,R9936070
AIFM2,0.4286768571428571,0.4303422857142857,0.4267844285714285,0.4718012857142857,0.4768492857142857,0.4532178571428572,0.4502694285714286,0.4280352857142857,0.4632614285714285,0.4941295714285714,0.4689574285714286,0.4418112857142857,0.4201531428571429,0.4312525714285714,0.4725375714285714,0.4415895714285714,0.4774282857142857,0.4194267142857143,0.446967,0.4332967142857143,0.479392,0.4558778571428571,0.4298327142857143,0.4639885714285715,0.4327437142857143,0.4717172857142857,0.411334,0.4583231428571429,0.4561395714285714,0.4655132857142857,0.4767034285714286,0.4526735714285714,0.4124364285714286,0.4229175714285714,0.4607944285714285,0.4272932857142857,0.443512,0.4512225714285714,0.4749974285714286,0.4684328571428571,0.4115191428571428,0.4366084285714285,0.4601474285714286,0.4346677142857143,0.4336621428571429,0.4198231428571428,0.4611918571428571,0.4774688571428571,0.4456241428571428,0.4886189999999999,0.4148138571428572,0.4005832857142857,0.4522274285714286,0.4065148571428571,0.4587647142857142,0.4442032857142857,0.4499291428571428,0.4433682857142857,0.4580611428571428,0.4497354285714285,0.4305801428571428,0.451379,0.4128551428571428,0.4431348571428571
ATM,0.238232,0.2323475,0.241469,0.2427242499999999,0.24091725,0.2308675,0.22832575,0.22402,0.236587,0.2312035,0.2432545,0.213673,0.247546,0.24355225,0.24636675,0.23151625,0.24026375,0.2284729999999999,0.22690325,0.2486915,0.22684875,0.23671475,0.21228825,0.22971525,0.1974999999999999,0.23067975,0.21920775,0.22988875,0.243395,0.2366835,0.22528375,0.216133,0.2071575,0.235745,0.2498892499999999,0.22334475,0.226716,0.2109572499999999,0.219553,0.2339304999999999,0.22477275,0.21881675,0.226712,0.23729175,0.21931225,0.2388795,0.2330985,0.19978675,0.250371,0.215332,0.23400325,0.235309,0.2147925,0.226942,0.2423845,0.2324995,0.237912,0.2148475,0.23416875,0.238358,0.21525275,0.20040725,0.23431775,0.23019625
ATR,0.0679283333333333,0.0665371666666666,0.0579204999999999,0.0611658333333333,0.0680358333333333,0.0761633333333333,0.0889093333333333,0.0662971666666666,0.0614933333333333,0.0633566666666666,0.0698043333333333,0.066027,0.063108,0.0678533333333333,0.0515466666666666,0.0540988333333333,0.0665675,0.0607068333333333,0.0609298333333333,0.0606706666666666,0.064178,0.0663058333333333,0.0555931666666666,0.0682896666666666,0.0733816666666666,0.0631881666666666,0.0660026666666666,0.0514625,0.0665436666666666,0.064871,0.0589761666666666,0.0634895,0.0647416666666666,0.0729341666666666,0.064258,0.054072,0.06201,0.0631915,0.0645296666666666,0.060641,0.0666145,0.0620505,0.0536385,0.0640095,0.0706191666666666,0.0736111666666666,0.0530156666666666,0.0656726666666666,0.0612243333333333,0.0783858333333333,0.0716435,0.063287,0.0575585,0.0709211666666666,0.0623868333333333,0.0478796666666666,0.0784681666666666,0.0553868333333333,0.0723601666666666,0.0639199999999999,0.0707036666666666,0.0683183333333333,0.074028,0.0600425
CACNA2D2,0.1124498333333333,0.1214735,0.1092678333333333,0.1328798333333333,0.1111126666666666,0.1150675,0.1263785,0.121856,0.11028,0.1088246666666666,0.1221123333333333,0.1110873333333333,0.1056193333333333,0.126617,0.1092245,0.1063741666666666,0.1010173333333333,0.098932,0.1067323333333333,0.1105665,0.1267505,0.1196545,0.1192908333333333,0.109713,0.1224933333333333,0.1128796666666666,0.1076131666666666,0.120712,0.1151968333333333,0.1109423333333333,0.1102366666666666,0.117694,0.1271966666666666,0.1245463333333333,0.1083473333333333,0.1049876666666666,0.109934,0.1227081666666666,0.1076193333333333,0.1087588333333333,0.1135131666666666,0.1030599999999999,0.1095136666666666,0.1218655,0.1138651666666666,0.1201076666666666,0.1069581666666666,0.1073051666666666,0.1091366666666666,0.1369005,0.1114434999999999,0.11634,0.102971,0.1166266666666666,0.1183013333333333,0.1070056666666666,0.120981,0.116373,0.1236289999999999,0.1122119999999999,0.122218,0.1166626666666666,0.1308603333333333,0.1101563333333333
CACNA2D4,0.804489,0.855697,0.776941,0.807124,0.828227,0.79951,0.806921,0.843587,0.819519,0.846233,0.814669,0.817212,0.856353,0.802849,0.870987,0.84596,0.871275,0.853925,0.834584,0.809125,0.811922,0.825374,0.825042,0.806148,0.800338,0.800318,0.809528,0.765945,0.799975,0.824448,0.845415,0.834272,0.764649,0.790879,0.850043,0.807625,0.850272,0.799931,0.83026,0.853924,0.772302,0.779421,0.840365,0.838077,0.852415,0.800453,0.831427,0.803584,0.82369,0.827569,0.785348,0.789791,0.845227,0.794778,0.840384,0.831323,0.820606,0.824897,0.831924,0.848129,0.795029,0.808171,0.870209,0.832988
CACNB4,0.0738155,0.0630213,0.0535899,0.0544706,0.0577798,0.0588674999999999,0.0667025,0.069558,0.0643999,0.0564304999999999,0.0608982999999999,0.0612295999999999,0.0634869,0.0672702,0.0521894,0.0497293,0.0505759999999999,0.0499977,0.0656153,0.0704628,0.0526564,0.0664524,0.0502687,0.0667398,0.0628657,0.0626033,0.0626932,0.0622168,0.072624,0.059363,0.0561835,0.0708618,0.0673366,0.0712618,0.0817317,0.0517918,0.0587227,0.062312,0.0704088,0.0623125,0.0595676,0.0564311,0.0483004,0.0656745,0.056407,0.0496992,0.0601889,0.0592696999999999,0.0666063,0.0692312,0.0620338999999999,0.0714281,0.0604489999999999,0.0760361,0.0646334,0.0588534,0.0700697,0.0755330999999999,0.0659276,0.061572,0.0662574,0.0613098,0.0740054,0.0694848
CACNG1,0.7915725,0.815384,0.7678235,0.83422675,0.8412535,0.81276625,0.80767425,0.8059594999999999,0.8209960000000001,0.8000985,0.8078682500000001,0.81434975,0.83626475,0.818459,0.83083675,0.828479,0.85583825,0.8208949999999999,0.78607925,0.77139625,0.8139465,0.805371,0.83272225,0.836863,0.77070375,0.83424475,0.8074012500000001,0.8106405,0.82324925,0.82772325,0.8488202499999999,0.7948007500000001,0.8037885,0.79565925,0.77905525,0.80491725,0.8227845,0.821885,0.79593675,0.824405,0.79765225,0.78749075,0.8059195,0.813295,0.786383,0.82565025,0.8380719999999999,0.82022275,0.8207742499999999,0.8288525,0.80664175,0.7932724999999999,0.831597,0.7847697499999999,0.828524,0.81362975,0.8177325,0.846692,0.82948475,0.81970075,0.82435925,0.79742,0.823788,0.83636275
CACNG5,0.6292498888888889,0.6256452222222222,0.6234197777777778,0.6319758888888889,0.6260611111111111,0.6298885555555556,0.6253774444444444,0.6273228888888889,0.6323268888888889,0.6485515555555555,0.6330135555555556,0.6220274444444445,0.6321841111111112,0.6213483333333333,0.6500495555555555,0.6269775555555556,0.6323351111111112,0.6339805555555555,0.6321605555555556,0.6234608888888888,0.6344052222222223,0.6325411111111111,0.6214552222222223,0.6301297777777778,0.6174693333333333,0.6347485555555555,0.6333078888888889,0.6189466666666666,0.6363487777777778,0.6277522222222223,0.640705,0.6446833333333334,0.612224,0.625464,0.6356944444444443,0.6253321111111111,0.6500638888888889,0.6206023333333334,0.6326522222222223,0.6390588888888888,0.6192407777777778,0.623232888888889,0.626545,0.6293656666666667,0.6138754444444445,0.6193187777777778,0.6512293333333333,0.6301824444444445,0.6384662222222223,0.6317938888888889,0.6101793333333334,0.6127302222222223,0.6366366666666666,0.6202198888888889,0.6417285555555555,0.6210433333333333,0.64071,0.6388776666666667,0.635269,0.6367945555555555,0.6287736666666667,0.6302757777777779,0.6289301111111111,0.6271501111111112
CACNG6,0.5465205000000001,0.5630271666666666,0.5161858333333333,0.6008988333333334,0.603112,0.5415981666666666,0.5812526666666668,0.5815865,0.6022535,0.6066923333333333,0.5751808333333334,0.6059990000000001,0.5723873333333334,0.557864,0.588715,0.6213018333333333,0.5736633333333333,0.6139073333333332,0.6014855,0.5416863333333334,0.5933368333333333,0.5625006666666666,0.6414513333333334,0.5732348333333334,0.5102285000000001,0.5880431666666667,0.617196,0.6066886666666667,0.5962476666666666,0.580054,0.6344788333333334,0.6291883333333333,0.5506033333333333,0.6098560000000001,0.5908275,0.5927693333333334,0.6299343333333334,0.6222789999999999,0.6176256666666666,0.5977313333333333,0.5457808333333333,0.5210975,0.5921675,0.6461381666666667,0.5399666666666666,0.568706,0.6262183333333333,0.6150143333333333,0.594572,0.6192686666666667,0.5861515,0.5305076666666667,0.5855525,0.5419033333333333,0.5597818333333333,0.5957191666666667,0.5644768333333333,0.6004236666666667,0.5480408333333333,0.5440448333333333,0.6018118333333333,0.6146336666666666,0.5832071666666666,0.5455599999999999
CARD16,0.782858,0.665882,0.622195,0.611942,0.622194,0.577048,0.66653,0.640074,0.671245,0.5735,0.645399,0.640101,0.616627,0.654875,0.76244,0.64364,0.662759,0.702181,0.641118,0.671683,0.619764,0.609178,0.65081,0.582607,0.567606,0.657726,0.648421,0.628971,0.590485,0.68278,0.616199,0.608979,0.583687,0.675148,0.621053,0.685166,0.741758,0.628663,0.702177,0.667986,0.64063,0.625873,0.653861,0.70352,0.660631,0.636367,0.65497,0.713704,0.681704,0.630109,0.636388,0.650745,0.61915,0.603755,0.638701,0.675814,0.637312,0.646419,0.604876,0.650873,0.64815,0.628044,0.657755,0.649002
CARD17,0.860999,0.862013,0.863229,0.864731,0.872958,0.822446,0.864531,0.855197,0.864206,0.852847,0.858545,0.846585,0.864344,0.818328,0.868989,0.87777,0.918762,0.87902,0.882276,0.831901,0.877703,0.852211,0.859351,0.845013,0.84891,0.884235,0.85845,0.860994,0.87989,0.858208,0.863121,0.872621,0.837561,0.871667,0.856005,0.87294,0.895963,0.854958,0.857647,0.899446,0.860531,0.859519,0.917143,0.884074,0.845346,0.835813,0.868987,0.894974,0.886256,0.863991,0.863927,0.85371,0.893123,0.85266,0.884542,0.877157,0.879182,0.86672,0.845382,0.87148,0.841058,0.839057,0.857341,0.879242
CARD18,0.7961415000000001,0.835348,0.8346819999999999,0.8316975,0.8140475,0.8113969999999999,0.83504,0.851745,0.8271925,0.8418255,0.803013,0.8425940000000001,0.829846,0.776945,0.8570095,0.8559485,0.832489,0.8203914999999999,0.8228945000000001,0.81616,0.8360095000000001,0.8444175,0.8471955,0.8430545,0.8144215,0.8480175,0.8243735,0.7913574999999999,0.8058425,0.806659,0.850049,0.7881994999999999,0.789805,0.8203,0.8573649999999999,0.800923,0.87408,0.8321485,0.80175,0.8473645000000001,0.8416494999999999,0.8254345000000001,0.8453655,0.8267644999999999,0.824891,0.790591,0.8437144999999999,0.816049,0.8385525,0.8239265,0.8129865000000001,0.7984665,0.8380405,0.8426545000000001,0.8203155,0.834504,0.848212,0.8382765,0.8219885,0.8346345,0.7834975,0.856773,0.8059769999999999,0.834376
CASP1,0.0,0.0,0.0,0.0,0.0,0.0,0.0,0.0,0.0,0.0,0.0,0.0,0.0,0.0,0.0,0.0,0.0,0.0,0.0,0.0,0.0,0.0,0.0,0.0,0.0,0.0,0.0,0.0,0.0,0.0,0.0,0.0,0.0,0.0,0.0,0.0,0.0,0.0,0.0,0.0,0.0,0.0,0.0,0.0,0.0,0.0,0.0,0.0,0.0,0.0,0.0,0.0,0.0,0.0,0.0,0.0,0.0,0.0,0.0,0.0,0.0,0.0,0.0,0.0
CASP12,0.380805,0.453004,0.401801,0.432675,0.423662,0.428283,0.413386,0.39626,0.40875,0.438941,0.392158,0.431207,0.420568,0.385842,0.445679,0.440443,0.424615,0.387655,0.416227,0.412415,0.440887,0.386173,0.443286,0.402277,0.387748,0.406813,0.413326,0.405047,0.391811,0.421771,0.403541,0.396331,0.350353,0.411743,0.433576,0.368164,0.440866,0.353119,0.391584,0.41723,0.422157,0.42527,0.465559,0.441819,0.404283,0.367113,0.465121,0.432524,0.455395,0.409391,0.39487,0.378079,0.431121,0.412116,0.437854,0.456267,0.435252,0.436744,0.418078,0.389763,0.361878,0.403709,0.38534,0.453694
CBLB,0.0280377142857142,0.0273977142857142,0.013786,0.0198851428571428,0.0233305714285714,0.0252288571428571,0.0180961428571428,0.0138424285714285,0.0222845714285714,0.0213315714285714,0.0188578571428571,0.0226228571428571,0.0266854285714285,0.0279415714285714,0.0113858571428571,0.0120424285714285,0.0140649999999999,0.0118201428571428,0.0222378571428571,0.0266202857142857,0.0157947142857142,0.0276358571428571,0.0184135714285714,0.0229981428571428,0.0261841428571428,0.0207288571428571,0.0195548571428571,0.0150961428571428,0.0183077142857142,0.0234504285714285,0.0198899999999999,0.0215155714285714,0.0243879999999999,0.023864,0.0162982857142857,0.0146748571428571,0.0134242857142857,0.0162092857142857,0.0167171428571428,0.0158595714285714,0.022552,0.0163052857142857,0.0201055714285714,0.0146015714285714,0.0340285714285714,0.0244181428571428,0.0218842857142857,0.019021,0.0262717142857142,0.0285947142857142,0.0222134285714285,0.0186722857142857,0.0236851428571428,0.0207374285714285,0.0211825714285714,0.0135927142857142,0.0221491428571428,0.0257018571428571,0.0317547142857142,0.0200025714285714,0.0305487142857142,0.0175892857142857,0.0225622857142857,0.0283657142857142
CD72,0.351378,0.3849295714285715,0.3856568571428571,0.4108432857142857,0.3933154285714285,0.4002178571428571,0.3953485714285714,0.3938108571428571,0.3856457142857143,0.4081905714285714,0.3870275714285714,0.403952,0.3916595714285714,0.3821782857142857,0.3895525714285714,0.3976265714285714,0.4098591428571428,0.3802419999999999,0.3949729999999999,0.4025017142857142,0.4051995714285714,0.393982,0.4119952857142857,0.4124482857142857,0.3651091428571428,0.394123,0.377157,0.3680697142857143,0.3877244285714285,0.3963517142857142,0.4293677142857143,0.4052511428571428,0.3684791428571428,0.3922751428571428,0.4114335714285714,0.3807595714285714,0.4158188571428571,0.389052,0.4017217142857143,0.4051774285714286,0.3831831428571428,0.3873652857142857,0.3905547142857143,0.4150121428571429,0.4013451428571429,0.3594284285714285,0.4279734285714286,0.406872,0.3904788571428571,0.4196658571428571,0.3678807142857143,0.3651091428571428,0.4077365714285714,0.3712508571428571,0.3991989999999999,0.3902884285714286,0.4052527142857142,0.4016628571428571,0.4039655714285714,0.3980391428571428,0.3829862857142857,0.3948794285714286,0.3912015714285714,0.3954394285714285
CD8A,0.1325153529411764,0.155165294117647,0.118773294117647,0.1813302352941176,0.1503020588235294,0.1603131764705882,0.1621884705882353,0.1397396470588235,0.1427789411764706,0.1688138823529411,0.1686737647058823,0.1454762352941176,0.159007,0.1446401176470588,0.1295181764705882,0.1503634117647058,0.1589737647058823,0.1284584705882352,0.1561898235294117,0.1493594705882353,0.157964,0.1476532352941176,0.1682978235294117,0.1561636470588235,0.1388008823529411,0.1470925882352941,0.1424347058823529,0.1500785294117647,0.1425811764705882,0.1491878823529411,0.1527137647058823,0.1556659411764706,0.1462246470588235,0.1503936470588235,0.1506076470588235,0.1301436470588235,0.1641367647058823,0.1644497647058823,0.1435814705882352,0.1442508235294117,0.1408714117647058,0.1367728235294117,0.1479094705882352,0.1485483529411764,0.1529456470588235,0.1377336470588235,0.1574274117647058,0.1604916470588235,0.1525218235294117,0.1735819411764705,0.1294103529411764,0.1384169411764706,0.1564695294117647,0.1359091764705882,0.1668001764705882,0.142645,0.1630561176470588,0.1439132352941176,0.1718374117647058,0.1491212352941176,0.1495734705882353,0.1563158235294117,0.1501465294117647,0.1514618235294117
CD8B,0.0,0.0,0.0,0.0,0.0,0.0,0.0,0.0,0.0,0.0,0.0,0.0,0.0,0.0,0.0,0.0,0.0,0.0,0.0,0.0,0.0,0.0,0.0,0.0,0.0,0.0,0.0,0.0,0.0,0.0,0.0,0.0,0.0,0.0,0.0,0.0,0.0,0.0,0.0,0.0,0.0,0.0,0.0,0.0,0.0,0.0,0.0,0.0,0.0,0.0,0.0,0.0,0.0,0.0,0.0,0.0,0.0,0.0,0.0,0.0,0.0,0.0,0.0,0.0
CD8B2,0.0,0.0,0.0,0.0,0.0,0.0,0.0,0.0,0.0,0.0,0.0,0.0,0.0,0.0,0.0,0.0,0.0,0.0,0.0,0.0,0.0,0.0,0.0,0.0,0.0,0.0,0.0,0.0,0.0,0.0,0.0,0.0,0.0,0.0,0.0,0.0,0.0,0.0,0.0,0.0,0.0,0.0,0.0,0.0,0.0,0.0,0.0,0.0,0.0,0.0,0.0,0.0,0.0,0.0,0.0,0.0,0.0,0.0,0.0,0.0,0.0,0.0,0.0,0.0
CHEK1,0.0709606666666666,0.0624613333333333,0.0632733333333333,0.0580806666666666,0.05617,0.0844736666666666,0.0643036666666666,0.060598,0.0369156666666666,0.0513826666666666,0.0527016666666666,0.0486593333333333,0.065117,0.06613,0.0567456666666666,0.0408633333333333,0.0486433333333333,0.0524699999999999,0.0464056666666666,0.0645453333333333,0.051906,0.0644193333333333,0.045236,0.0551956666666666,0.0537743333333333,0.049529,0.0639943333333333,0.0654533333333333,0.05525,0.0536756666666666,0.053378,0.0480673333333333,0.0522759999999999,0.0533763333333333,0.0524046666666666,0.043159,0.0547976666666666,0.0479956666666666,0.068913,0.0536366666666666,0.0632216666666666,0.0478496666666666,0.0455109999999999,0.0560886666666666,0.0649306666666666,0.0405736666666666,0.0533726666666666,0.053201,0.0441473333333333,0.0648433333333333,0.0557206666666666,0.0547633333333333,0.0544356666666666,0.0536216666666666,0.0716293333333333,0.0460616666666666,0.06578,0.0561589999999999,0.0632786666666666,0.051111,0.0538403333333333,0.0621473333333333,0.0702723333333333,0.0614393333333333
CHEK2,0.1124053333333333,0.1214923333333333,0.0071746666666666,0.0751743333333333,0.120112,0.1269803333333333,0.1194316666666666,0.1234036666666666,0.1039426666666666,0.065659,0.1243853333333333,0.066485,0.1281256666666666,0.0825663333333333,0.0482833333333333,0.0601203333333333,0.0325916666666666,0.05965,0.0782876666666666,0.130237,0.0557533333333333,0.1163453333333333,0.064993,0.070567,0.147865,0.091994,0.121819,0.0541563333333333,0.040839,0.0925173333333333,0.0582846666666666,0.110958,0.0776723333333333,0.098619,0.0876463333333333,0.0565783333333333,0.0852893333333333,0.117008,0.080252,0.0854146666666666,0.098092,0.085946,0.1149143333333333,0.0389573333333333,0.089924,0.118529,0.124813,0.084775,0.1120166666666666,0.0448266666666666,0.071108,0.0763083333333333,0.0484866666666666,0.1191086666666666,0.1102513333333333,0.0357506666666666,0.085511,0.0695546666666666,0.1072106666666666,0.0608713333333333,0.0609333333333333,0.1030086666666666,0.1415553333333333,0.0713453333333333
CLEC4D,0.0,0.0,0.0,0.0,0.0,0.0,0.0,0.0,0.0,0.0,0.0,0.0,0.0,0.0,0.0,0.0,0.0,0.0,0.0,0.0,0.0,0.0,0.0,0.0,0.0,0.0,0.0,0.0,0.0,0.0,0.0,0.0,0.0,0.0,0.0,0.0,0.0,0.0,0.0,0.0,0.0,0.0,0.0,0.0,0.0,0.0,0.0,0.0,0.0,0.0,0.0,0.0,0.0,0.0,0.0,0.0,0.0,0.0,0.0,0.0,0.0,0.0,0.0,0.0
CLEC4E,0.8188465,0.8474185000000001,0.804048,0.858241,0.8085910000000001,0.8266800000000001,0.8012375,0.8564345,0.8166294999999999,0.8229839999999999,0.8039689999999999,0.8258935000000001,0.835135,0.7748425,0.868047,0.8637745,0.8851865,0.8081535,0.8392275,0.790862,0.876764,0.8137765,0.855953,0.819913,0.77086,0.816019,0.8108045,0.8176,0.814999,0.8323674999999999,0.8101389999999999,0.809671,0.7705385,0.7990655,0.82948,0.8331465,0.8197635,0.8215045000000001,0.867834,0.8309880000000001,0.8194725,0.8055695,0.8301350000000001,0.8573655,0.8433889999999999,0.8076755,0.8437825,0.855444,0.825348,0.826571,0.7961975,0.7861785,0.8113055,0.824936,0.8267800000000001,0.8474215,0.8377950000000001,0.848541,0.8274165,0.8608525,0.7766335,0.7943800000000001,0.8428895,0.8456995
CLEC6A,0.0,0.0,0.0,0.0,0.0,0.0,0.0,0.0,0.0,0.0,0.0,0.0,0.0,0.0,0.0,0.0,0.0,0.0,0.0,0.0,0.0,0.0,0.0,0.0,0.0,0.0,0.0,0.0,0.0,0.0,0.0,0.0,0.0,0.0,0.0,0.0,0.0,0.0,0.0,0.0,0.0,0.0,0.0,0.0,0.0,0.0,0.0,0.0,0.0,0.0,0.0,0.0,0.0,0.0,0.0,0.0,0.0,0.0,0.0,0.0,0.0,0.0,0.0,0.0
CTLA4,0.870352,0.8750439999999999,0.879432,0.8882665000000001,0.855945,0.8879090000000001,0.8780395,0.8836155,0.900793,0.8870555,0.8884829999999999,0.8805085,0.8954249999999999,0.8838515,0.8981870000000001,0.908948,0.870986,0.8895575,0.8765665,0.850862,0.880853,0.8874945,0.8850575,0.8997904999999999,0.8372904999999999,0.8955145,0.8803380000000001,0.8841684999999999,0.8905434999999999,0.8916005,0.8778954999999999,0.8830955,0.839423,0.8747855,0.8838415,0.9141055,0.9042385,0.8589264999999999,0.883615,0.9064565,0.8960445,0.8718165,0.903276,0.89673,0.8611329999999999,0.8486100000000001,0.8915420000000001,0.899162,0.9124095,0.8948635,0.858544,0.853191,0.8462894999999999,0.865718,0.893342,0.909777,0.90236,0.875318,0.8798904999999999,0.8999824999999999,0.88783,0.8672059999999999,0.8813015,0.9006460000000001
DDB2,0.2808152,0.30941,0.2901046,0.3206462,0.3004014,0.3221464,0.2993835999999999,0.2939442,0.285334,0.3024094,0.2848452,0.3011958,0.2940188,0.2976408,0.2999404,0.2937945999999999,0.30567,0.2834647999999999,0.3181238,0.3019904,0.3104538,0.2996206,0.2933002,0.3046312,0.296373,0.2902314,0.2950734,0.3138252,0.288914,0.3028632,0.2946178,0.3025,0.2897482,0.317373,0.3024262,0.2653854,0.3123357999999999,0.3048657999999999,0.2925566,0.3055672,0.28189,0.293535,0.31749,0.2934432,0.3061292,0.287478,0.3129654,0.2851346,0.2983832,0.3097236,0.2864132,0.280443,0.3154382,0.2893966,0.3179912,0.3026466,0.3156676,0.2931756,0.3152488,0.3006836,0.2967942,0.2927962,0.3042011999999999,0.3140424
FCER1G,0.6978013333333334,0.6995716666666666,0.6975603333333332,0.7062946666666666,0.719099,0.704422,0.70601,0.7177246666666667,0.7352116666666667,0.7238616666666666,0.7121846666666668,0.7243203333333333,0.724255,0.6877599999999999,0.7610233333333333,0.7563963333333333,0.736704,0.721517,0.7265453333333333,0.6945293333333334,0.7294813333333333,0.749851,0.7070733333333333,0.7087436666666665,0.6998159999999999,0.7524540000000001,0.70643,0.7106753333333332,0.7184346666666667,0.6927326666666667,0.7245170000000001,0.7269636666666667,0.666706,0.6885530000000001,0.7450773333333333,0.7251226666666666,0.7455980000000001,0.7078733333333332,0.7232806666666667,0.7499889999999999,0.694786,0.7138943333333333,0.7562153333333334,0.7350979999999999,0.7165166666666667,0.6568756666666666,0.7326876666666666,0.733375,0.7327066666666666,0.729445,0.687645,0.6708256666666667,0.7364706666666666,0.679784,0.6922459999999999,0.746607,0.7252423333333334,0.7123936666666667,0.7170793333333334,0.7433209999999999,0.6821303333333333,0.7097546666666666,0.7184453333333334,0.7358216666666667
GNAQ,0.1051179999999999,0.1033686666666666,0.0774463333333333,0.105212,0.101029,0.1120793333333333,0.100977,0.099148,0.1022299999999999,0.1247716666666666,0.107524,0.110317,0.1173623333333333,0.0979226666666666,0.0850106666666666,0.1154793333333333,0.095648,0.0895833333333333,0.1004986666666666,0.1101963333333333,0.0996943333333333,0.1231006666666666,0.1104426666666666,0.120287,0.1077563333333333,0.1110516666666666,0.1088633333333333,0.1228543333333333,0.115073,0.1065093333333333,0.1223246666666666,0.0854269999999999,0.135155,0.1091789999999999,0.1282406666666666,0.099754,0.100614,0.1171783333333333,0.1240563333333333,0.1065909999999999,0.124682,0.1219673333333333,0.0970416666666666,0.1067123333333333,0.1175433333333333,0.10724,0.1165266666666666,0.1026306666666666,0.125622,0.105812,0.0971506666666666,0.1038993333333333,0.0924799999999999,0.1033636666666666,0.1056803333333333,0.0968926666666666,0.1160113333333333,0.1251553333333333,0.0999333333333333,0.1004266666666666,0.1124316666666666,0.1018003333333333,0.1190456666666666,0.1213026666666666
GTSE1,0.0277894,0.0268996,0.0256244,0.0294888,0.0277654,0.0270453999999999,0.0343696,0.0317834,0.0225357999999999,0.0245528,0.020448,0.0261452,0.0259512,0.030369,0.0192086,0.018913,0.0198473999999999,0.0218096,0.0218116,0.0221195999999999,0.0258365999999999,0.0276208,0.0269048,0.0337895999999999,0.0315362,0.0215339999999999,0.0237536,0.0241052,0.024231,0.0246776,0.0235082,0.0262222,0.0242583999999999,0.026612,0.0253127999999999,0.0181703999999999,0.0213158,0.0257745999999999,0.022391,0.0234046,0.0245394,0.0222154,0.0233822,0.024374,0.0297869999999999,0.0237596,0.0354156,0.0232686,0.0227418,0.0355872,0.0205218,0.0236192,0.0233366,0.0264955999999999,0.0282234,0.0173934,0.0291152,0.0229052,0.0319664,0.0202229999999999,0.0314426,0.024016,0.027997,0.026558
IL17B,0.72646,0.70371,0.694349,0.778393,0.801811,0.781387,0.778468,0.802636,0.784868,0.758132,0.745441,0.763656,0.847497,0.738941,0.81378,0.778389,0.793049,0.781655,0.787948,0.716029,0.769785,0.792652,0.780512,0.793331,0.757902,0.792037,0.791468,0.777852,0.793621,0.744704,0.815438,0.797636,0.748853,0.75477,0.792154,0.754145,0.808891,0.756269,0.775066,0.778133,0.754996,0.789457,0.777145,0.798561,0.752869,0.70309,0.777627,0.791737,0.830679,0.786425,0.749976,0.744627,0.802759,0.741939,0.789632,0.783271,0.803964,0.800097,0.812033,0.810688,0.760045,0.762152,0.762261,0.800555
IL17C,0.4559053333333334,0.4899445,0.48452,0.582346,0.532736,0.507841,0.5344958333333333,0.6057533333333334,0.5547000000000001,0.599017,0.5137045,0.5476931666666667,0.5375406666666667,0.4812685,0.51683,0.5395635,0.5014905,0.5571103333333333,0.6202475,0.4883761666666666,0.5715436666666666,0.5129973333333333,0.536257,0.5889605,0.4928738333333333,0.5779205,0.5498226666666667,0.505352,0.5631361666666667,0.5439783333333333,0.5681358333333333,0.5537608333333334,0.5347828333333333,0.4812683333333333,0.5944748333333334,0.5070308333333333,0.5876856666666667,0.5432536666666666,0.5750523333333333,0.6015876666666666,0.4926923333333333,0.4966368333333333,0.6041926666666667,0.534508,0.5034738333333334,0.5252343333333332,0.6021475000000001,0.6118138333333333,0.5802888333333334,0.6178043333333333,0.4686196666666666,0.4704188333333333,0.6004183333333334,0.533452,0.5353786666666667,0.5323898333333333,0.5429238333333334,0.4945663333333334,0.5593563333333333,0.5354869999999999,0.5325428333333333,0.5329071666666666,0.5145733333333333,0.4815645
IL17F,0.8630059999999999,0.8964445,0.8761300000000001,0.8745655,0.8840969999999999,0.8726295,0.8754405000000001,0.879548,0.8804194999999999,0.8563765,0.879787,0.8858825,0.8711025,0.868699,0.912763,0.910068,0.898756,0.8861859999999999,0.8881805,0.868419,0.8890575000000001,0.8918775,0.895131,0.8684000000000001,0.8638939999999999,0.8952785000000001,0.892235,0.885397,0.8764799999999999,0.888385,0.896759,0.8978539999999999,0.851082,0.867799,0.8904890000000001,0.8818965000000001,0.888389,0.8931955,0.8921045,0.88953,0.8958280000000001,0.876385,0.8906700000000001,0.9107885,0.8643195,0.8608385,0.8987879999999999,0.8961414999999999,0.89817,0.87688,0.8840275,0.87605,0.846277,0.8679115,0.877613,0.902333,0.898114,0.8983545,0.8803125,0.891289,0.8963205000000001,0.896057,0.8861285,0.8807825
IL17RA,0.2985495999999999,0.3066676,0.2865758,0.2966784,0.2796284,0.2913485999999999,0.3018306,0.2874216,0.284601,0.2914902,0.298792,0.2920787999999999,0.2822331999999999,0.3014572,0.3005502,0.3044912,0.2964078,0.2976036,0.2957294,0.3011816,0.2965508,0.2990462,0.2981168,0.2903158,0.2886214,0.295256,0.2882894,0.283892,0.2855812,0.2884658,0.3055984,0.297511,0.2740209999999999,0.3036227999999999,0.286122,0.2827438,0.3122004,0.2779808,0.2967608,0.3046716,0.286142,0.2634972,0.2902911999999999,0.3073592,0.3002384,0.2939812,0.3090372,0.2939648,0.3010998,0.3166324,0.2807234,0.286821,0.3110362,0.2857844,0.3053796,0.2909382,0.3232558,0.3023118,0.3047106,0.3248706,0.2765672,0.2895575999999999,0.3080429999999999,0.298639
IL17RB,0.17619675,0.22004775,0.203959,0.27284325,0.21409075,0.19746425,0.2291675,0.21144425,0.1991485,0.22580275,0.2399025,0.220444,0.22260425,0.2054775,0.214704,0.19607325,0.2010545,0.21291125,0.217575,0.20583975,0.25006575,0.197569,0.225566,0.242744,0.2023795,0.2279845,0.204943,0.229939,0.2207225,0.20102875,0.23736525,0.23398575,0.226873,0.219725,0.24025225,0.17459875,0.2306205,0.2520195,0.220739,0.22551575,0.1905305,0.21916325,0.194551,0.20346625,0.218141,0.21140425,0.22275375,0.24043725,0.20574475,0.249232,0.20764675,0.1838525,0.22386175,0.22246,0.216708,0.1840724999999999,0.26135175,0.23305525,0.2284745,0.214217,0.2142375,0.2225665,0.2131009999999999,0.195274
IL17RC,0.54876675,0.5384255,0.528609,0.5911547500000001,0.51325575,0.5598055,0.52941025,0.5441542500000001,0.52230425,0.5425695,0.5455475,0.536546,0.5459149999999999,0.5319225000000001,0.5438795,0.5543,0.53114675,0.53758075,0.5395565,0.5405037500000001,0.56461925,0.555693,0.5523085,0.56494125,0.50879225,0.5540155,0.5472005,0.53190325,0.5432385,0.5444169999999999,0.55464775,0.544349,0.51383375,0.53946625,0.55137575,0.5270557499999999,0.5550587499999999,0.58110325,0.554987,0.54692525,0.5280272500000001,0.53811625,0.5285960000000001,0.5520404999999999,0.5352574999999999,0.52765925,0.5567807499999999,0.5479415000000001,0.5690850000000001,0.54986475,0.51415625,0.52933225,0.52659275,0.5113605,0.540515,0.5477920000000001,0.55183275,0.52931775,0.52786125,0.5431567500000001,0.5150202500000001,0.53991675,0.52168075,0.527414
IL17RE,0.5461175,0.6892240000000001,0.6611499999999999,0.7144634999999999,0.6726525,0.66386,0.693507,0.6758485000000001,0.6518889999999999,0.6896629999999999,0.6632315,0.700277,0.7372540000000001,0.663509,0.6999595,0.6974199999999999,0.7072970000000001,0.6628255,0.6814184999999999,0.7178005000000001,0.6838975,0.680355,0.667887,0.681037,0.6971849999999999,0.691683,0.6677685,0.6033195,0.6595934999999999,0.6760045,0.721745,0.7023115,0.607323,0.6715530000000001,0.713136,0.6780765,0.695748,0.6638385,0.6754635,0.694529,0.6714235,0.6962775,0.6511815000000001,0.6904365,0.66521,0.6396655,0.6983405,0.690723,0.7123124999999999,0.7231970000000001,0.6420285,0.670343,0.709978,0.660821,0.6993445,0.691534,0.712519,0.6717295000000001,0.7231075,0.703052,0.6661355,0.679324,0.6966615,0.6841605
IL25,0.525539,0.547386,0.52928,0.602707,0.589012,0.587542,0.641525,0.60818,0.601387,0.603192,0.560059,0.583063,0.623591,0.572146,0.606933,0.561177,0.599667,0.557874,0.584469,0.553873,0.593701,0.582508,0.607325,0.598678,0.557784,0.56647,0.556558,0.56917,0.576166,0.670991,0.586493,0.533414,0.550009,0.556628,0.596324,0.557107,0.608916,0.54806,0.557347,0.577991,0.549366,0.55927,0.561975,0.543183,0.554075,0.532747,0.544859,0.53987,0.644357,0.617805,0.545132,0.56445,0.599834,0.562434,0.590647,0.578254,0.60355,0.603297,0.626417,0.560007,0.560037,0.562991,0.586126,0.547431
KCNJ12,0.2904493333333333,0.3030243333333333,0.2785368666666666,0.3083692666666666,0.2950207999999999,0.2834258,0.293438,0.3050308,0.3003338,0.2722838666666666,0.30594,0.2987006666666666,0.3101193333333333,0.2930638666666667,0.3018676,0.2987864,0.2945705333333333,0.3029654,0.2969908,0.290555,0.3024657333333334,0.2995442666666666,0.2950466,0.3174081333333333,0.2915150666666666,0.3019776,0.3016129999999999,0.3233167333333333,0.3092335333333333,0.3000806666666667,0.3086978666666666,0.2985764666666667,0.2981147999999999,0.2986050666666667,0.3026834,0.2997734666666666,0.3209263333333333,0.3082187333333333,0.2940223333333333,0.302011,0.2922674666666667,0.2939953333333333,0.2881070666666667,0.2939846666666666,0.2912133333333333,0.2871601333333333,0.3005438666666666,0.2987230666666666,0.3062295333333333,0.3081074,0.2917664,0.2843184666666667,0.2892932,0.2988077333333334,0.2852774666666666,0.2926802,0.2966409333333333,0.2976241333333334,0.2831869333333333,0.2950844666666666,0.3196601333333334,0.3059137333333333,0.2987868,0.2687482
KCNJ14,0.757414,0.78139825,0.788691625,0.82259575,0.805142375,0.75244975,0.79566075,0.804082125,0.82540375,0.827487375,0.82578575,0.828537875,0.82438925,0.7680285,0.806192,0.838174125,0.8327990000000001,0.83655025,0.8212723749999999,0.79022725,0.80951175,0.804299625,0.813663625,0.83104,0.790316625,0.828826625,0.80857925,0.818917625,0.831269875,0.80087675,0.841503625,0.819217,0.768939375,0.781453,0.846629625,0.817044,0.826173,0.809147125,0.828055625,0.83413375,0.793581375,0.796379375,0.806353125,0.843405875,0.774177125,0.769944125,0.836241375,0.8209145,0.816683125,0.818364875,0.773971375,0.7723180000000001,0.839185875,0.7843245,0.812569625,0.81608825,0.816477875,0.831743875,0.817879875,0.82847825,0.797066,0.822084375,0.80471975,0.821189125
KCNJ18,0.0,0.0,0.0,0.0,0.0,0.0,0.0,0.0,0.0,0.0,0.0,0.0,0.0,0.0,0.0,0.0,0.0,0.0,0.0,0.0,0.0,0.0,0.0,0.0,0.0,0.0,0.0,0.0,0.0,0.0,0.0,0.0,0.0,0.0,0.0,0.0,0.0,0.0,0.0,0.0,0.0,0.0,0.0,0.0,0.0,0.0,0.0,0.0,0.0,0.0,0.0,0.0,0.0,0.0,0.0,0.0,0.0,0.0,0.0,0.0,0.0,0.0,0.0,0.0
KCNJ2,0.304698,0.326988,0.3469715,0.3402767499999999,0.360093,0.3469669166666667,0.3409385,0.3568342499999999,0.3568244166666667,0.3472997499999999,0.3525765833333333,0.3471495833333333,0.34074325,0.3303461666666666,0.3362855833333333,0.3553688333333333,0.3458043333333333,0.341992,0.34517675,0.3243365833333333,0.3450681666666667,0.35720775,0.3540371666666667,0.3626446666666666,0.3445644166666666,0.3503875,0.3485209166666667,0.355687,0.3666703333333334,0.3410094166666667,0.3463185833333333,0.33637025,0.3414611666666666,0.3466580833333333,0.3434050833333333,0.3559011666666666,0.3471891666666666,0.3519113333333333,0.3485381666666666,0.3515734166666666,0.3380170833333333,0.3500385,0.3564944166666666,0.3470423333333333,0.340886,0.3361435833333333,0.3607439166666666,0.3467994166666666,0.356359,0.356815,0.3391971666666666,0.34051075,0.3532359166666667,0.348298,0.340286,0.3529575,0.3568714166666666,0.363515,0.3480215833333333,0.351977,0.3581479166666666,0.3610650833333333,0.35063225,0.3524090833333333
LCK,0.6797844615384616,0.6909927692307692,0.6972200769230769,0.7707393076923077,0.7545141538461538,0.6986256153846154,0.7342355384615384,0.7519566923076924,0.7594025384615384,0.7750080769230769,0.7611111538461538,0.7599192307692307,0.7512756153846154,0.6909293846153847,0.7411108461538463,0.7898047692307693,0.7317204615384616,0.7464836153846155,0.7558176153846153,0.6935369230769232,0.7468666923076923,0.7283843076923078,0.7904966153846154,0.7724696153846153,0.7098924615384615,0.7710981538461539,0.7279414615384615,0.7657144615384616,0.7445782307692308,0.7330013846153847,0.785087923076923,0.7588242307692308,0.7051156923076923,0.7083062307692308,0.7457525384615385,0.7523613076923077,0.757988,0.7432786153846155,0.7652623846153846,0.7704885384615385,0.6917703846153846,0.7265818461538461,0.7556137692307693,0.7863301538461538,0.7124000769230769,0.6830312307692308,0.7397366153846154,0.7716166923076924,0.7284573846153847,0.7588743076923077,0.727091923076923,0.7018349230769231,0.7697956153846154,0.7219715384615385,0.7204417692307692,0.7606559999999999,0.7473612307692308,0.7913885384615384,0.7368383846153846,0.7751263076923076,0.7255059230769232,0.7653712307692307,0.7212053846153845,0.7442233846153846
LILRA1,0.0,0.0,0.0,0.0,0.0,0.0,0.0,0.0,0.0,0.0,0.0,0.0,0.0,0.0,0.0,0.0,0.0,0.0,0.0,0.0,0.0,0.0,0.0,0.0,0.0,0.0,0.0,0.0,0.0,0.0,0.0,0.0,0.0,0.0,0.0,0.0,0.0,0.0,0.0,0.0,0.0,0.0,0.0,0.0,0.0,0.0,0.0,0.0,0.0,0.0,0.0,0.0,0.0,0.0,0.0,0.0,0.0,0.0,0.0,0.0,0.0,0.0,0.0,0.0
LILRA2,0.611123,0.654053,0.610899,0.634017,0.642337,0.614881,0.648117,0.631528,0.679956,0.676932,0.637459,0.654663,0.640381,0.618423,0.712233,0.620879,0.64729,0.648083,0.628222,0.604827,0.650672,0.639991,0.615718,0.646136,0.626269,0.65947,0.666637,0.617561,0.600666,0.660518,0.644724,0.62237,0.616549,0.606552,0.649406,0.633246,0.664123,0.625305,0.607499,0.642643,0.565748,0.642168,0.691509,0.637881,0.614626,0.609077,0.634842,0.638524,0.639954,0.703835,0.593321,0.637883,0.666917,0.601284,0.634611,0.643664,0.655382,0.641807,0.602075,0.650817,0.640687,0.598016,0.60432,0.621342
LILRA4,0.607886,0.637102,0.598219,0.640237,0.637787,0.640558,0.646398,0.641884,0.585014,0.602704,0.565419,0.579988,0.623182,0.592609,0.647082,0.617151,0.654374,0.646196,0.614618,0.612177,0.59129,0.630581,0.582779,0.65613,0.58215,0.560452,0.620591,0.510214,0.556131,0.618287,0.605699,0.624882,0.50926,0.573182,0.624735,0.634363,0.623771,0.618837,0.626696,0.6387,0.635407,0.625859,0.612083,0.60411,0.604016,0.576767,0.658776,0.59542,0.630916,0.645034,0.5627,0.610917,0.618107,0.555789,0.601107,0.580515,0.624049,0.572547,0.589346,0.64526,0.581356,0.595065,0.624435,0.655526
LILRA5,0.0,0.0,0.0,0.0,0.0,0.0,0.0,0.0,0.0,0.0,0.0,0.0,0.0,0.0,0.0,0.0,0.0,0.0,0.0,0.0,0.0,0.0,0.0,0.0,0.0,0.0,0.0,0.0,0.0,0.0,0.0,0.0,0.0,0.0,0.0,0.0,0.0,0.0,0.0,0.0,0.0,0.0,0.0,0.0,0.0,0.0,0.0,0.0,0.0,0.0,0.0,0.0,0.0,0.0,0.0,0.0,0.0,0.0,0.0,0.0,0.0,0.0,0.0,0.0
LILRA6,0.0,0.0,0.0,0.0,0.0,0.0,0.0,0.0,0.0,0.0,0.0,0.0,0.0,0.0,0.0,0.0,0.0,0.0,0.0,0.0,0.0,0.0,0.0,0.0,0.0,0.0,0.0,0.0,0.0,0.0,0.0,0.0,0.0,0.0,0.0,0.0,0.0,0.0,0.0,0.0,0.0,0.0,0.0,0.0,0.0,0.0,0.0,0.0,0.0,0.0,0.0,0.0,0.0,0.0,0.0,0.0,0.0,0.0,0.0,0.0,0.0,0.0,0.0,0.0
LILRB1,0.410612,0.391621,0.389543,0.464364,0.441557,0.412187,0.466193,0.442339,0.429352,0.432857,0.437798,0.422291,0.437544,0.42038,0.519276,0.428585,0.444178,0.473138,0.401939,0.396947,0.496561,0.435153,0.437186,0.384203,0.436698,0.413511,0.486425,0.37724,0.430265,0.406601,0.491125,0.47115,0.338456,0.366868,0.438228,0.400454,0.452294,0.465025,0.400937,0.415374,0.43722,0.400815,0.421391,0.448289,0.404401,0.419267,0.462689,0.427347,0.429851,0.494567,0.371101,0.360514,0.424665,0.420314,0.418096,0.434068,0.415292,0.394692,0.414094,0.438221,0.396711,0.446123,0.376222,0.433171
LILRB2,0.0,0.0,0.0,0.0,0.0,0.0,0.0,0.0,0.0,0.0,0.0,0.0,0.0,0.0,0.0,0.0,0.0,0.0,0.0,0.0,0.0,0.0,0.0,0.0,0.0,0.0,0.0,0.0,0.0,0.0,0.0,0.0,0.0,0.0,0.0,0.0,0.0,0.0,0.0,0.0,0.0,0.0,0.0,0.0,0.0,0.0,0.0,0.0,0.0,0.0,0.0,0.0,0.0,0.0,0.0,0.0,0.0,0.0,0.0,0.0,0.0,0.0,0.0,0.0
LILRB3,0.0,0.0,0.0,0.0,0.0,0.0,0.0,0.0,0.0,0.0,0.0,0.0,0.0,0.0,0.0,0.0,0.0,0.0,0.0,0.0,0.0,0.0,0.0,0.0,0.0,0.0,0.0,0.0,0.0,0.0,0.0,0.0,0.0,0.0,0.0,0.0,0.0,0.0,0.0,0.0,0.0,0.0,0.0,0.0,0.0,0.0,0.0,0.0,0.0,0.0,0.0,0.0,0.0,0.0,0.0,0.0,0.0,0.0,0.0,0.0,0.0,0.0,0.0,0.0
LILRB4,0.7062093333333334,0.755416,0.727033,0.7284106666666667,0.7432043333333334,0.7158116666666666,0.7615893333333332,0.7606120000000001,0.7582490000000001,0.7473586666666666,0.7626023333333333,0.736257,0.7380926666666667,0.7274106666666666,0.8011276666666666,0.7595966666666666,0.7762353333333333,0.7493526666666667,0.7085713333333333,0.7448436666666667,0.7396780000000001,0.745388,0.742417,0.7232703333333333,0.7195,0.7411776666666666,0.7362336666666667,0.7257206666666667,0.745654,0.7255846666666667,0.7440666666666668,0.7608206666666666,0.7207543333333333,0.710414,0.755868,0.7490306666666666,0.7780276666666667,0.7467123333333333,0.7582463333333332,0.7705993333333333,0.7288226666666667,0.72795,0.755167,0.7522359999999999,0.723375,0.6761143333333334,0.7789126666666667,0.7412986666666667,0.746607,0.7714123333333333,0.7191960000000001,0.7081846666666666,0.7687616666666667,0.7276509999999999,0.7163360000000001,0.7459669999999999,0.7507100000000001,0.7306766666666666,0.7456636666666667,0.7581013333333333,0.7283863333333334,0.7447133333333333,0.7260946666666667,0.7685063333333334
LILRB5,0.628414,0.644254,0.603109,0.668137,0.652283,0.61376,0.694037,0.652297,0.650924,0.667991,0.634004,0.643108,0.670865,0.626826,0.689257,0.643298,0.660789,0.707151,0.636034,0.621681,0.651706,0.654829,0.62458,0.63073,0.608503,0.640934,0.652457,0.601414,0.622175,0.622722,0.679948,0.678033,0.58411,0.624954,0.694111,0.6046,0.664423,0.647116,0.633431,0.65138,0.628714,0.638582,0.660739,0.658793,0.656888,0.574086,0.710221,0.652964,0.66509,0.627031,0.619116,0.609558,0.661142,0.605274,0.623692,0.641308,0.665744,0.620934,0.678837,0.643608,0.591576,0.630239,0.658791,0.664144
MYD88,0.1404525714285714,0.1753798571428571,0.1415167142857143,0.2069647142857142,0.1704831428571429,0.1806044285714285,0.1797622857142857,0.183934,0.1457105714285714,0.1890772857142857,0.1703521428571428,0.177276,0.1709218571428571,0.1625362857142857,0.1552315714285714,0.1696351428571428,0.1718329999999999,0.1525191428571428,0.1604928571428571,0.1758735714285714,0.1952608571428571,0.1696904285714285,0.1685092857142857,0.1789042857142857,0.1518122857142857,0.1615962857142857,0.1588164285714285,0.1663647142857142,0.1620965714285714,0.1525325714285714,0.1744212857142857,0.1820788571428571,0.170439,0.1947644285714285,0.1794078571428571,0.1324398571428571,0.1925392857142857,0.1923184285714285,0.1606827142857143,0.184647,0.1605358571428571,0.1659845714285714,0.1514751428571428,0.1648282857142857,0.1615121428571428,0.1536048571428571,0.1834512857142857,0.1683974285714285,0.154045,0.2035125714285714,0.1528742857142857,0.1482462857142857,0.1851061428571428,0.1460134285714285,0.1810044285714285,0.1536191428571428,0.2101064285714285,0.1663994285714285,0.1798691428571428,0.1806011428571428,0.1698711428571428,0.1967032857142857,0.1571912857142857,0.1642998571428571
OXTR,0.1554153333333333,0.1431883333333333,0.1202835833333333,0.1764768333333333,0.13734425,0.1310919166666666,0.1487346666666666,0.1415964166666666,0.1712878333333333,0.17675425,0.1540813333333333,0.1399695833333333,0.1369685,0.1522675,0.1527754999999999,0.1367035,0.13618675,0.1295040833333333,0.1410470833333333,0.1426949166666666,0.152345,0.152658,0.1575407499999999,0.1364841666666666,0.1310968333333333,0.1434258333333333,0.1334958333333333,0.1391865833333333,0.1355054166666666,0.1361198333333333,0.1332033333333333,0.1574036666666666,0.1570706666666666,0.1520711666666666,0.1512391666666666,0.1223342499999999,0.1654985,0.16573275,0.1567835,0.1529080833333333,0.1263891666666666,0.1291128333333333,0.1356774166666666,0.1572989166666666,0.1483178333333333,0.1297558333333333,0.1684556666666666,0.1378428333333333,0.1390686666666666,0.1650868333333333,0.1315900833333333,0.1454448333333333,0.1370074166666666,0.14011375,0.16338925,0.12868025,0.1519369166666666,0.1564004166666666,0.1565901666666666,0.1346829166666666,0.1671650833333333,0.1583228333333333,0.1403385833333333,0.1388542499999999
PDCD1,0.8531239444444444,0.859512,0.8602632777777778,0.8626131666666667,0.8681622222222223,0.8530597222222221,0.8491930000000001,0.8568385555555555,0.8651625555555555,0.8751359999999999,0.8653237777777778,0.8715676666666666,0.8784832222222222,0.8487051666666666,0.8881291666666667,0.8826000555555555,0.8804411111111111,0.8861845,0.8596347777777777,0.8545370555555556,0.8733326666666668,0.8666374444444445,0.8678978888888889,0.8710825555555556,0.8594412777777778,0.8726617777777778,0.8764047222222222,0.8679727777777777,0.8741947222222222,0.8653942222222222,0.8799713333333333,0.8682575555555556,0.8425512777777777,0.854436,0.8852757222222222,0.8594422777777777,0.8760935000000001,0.8613891666666667,0.8577842222222222,0.8836238333333334,0.861111,0.8627424444444444,0.8694985000000001,0.8754447222222222,0.8573856111111111,0.8430640555555555,0.8795625555555556,0.8685703333333333,0.8777476666666666,0.859005888888889,0.8548842222222223,0.848835611111111,0.8807748333333333,0.8615668888888889,0.8643492222222222,0.8732275,0.8650087777777777,0.8700672777777778,0.8712765,0.8723737777777778,0.8540873888888889,0.8603485555555556,0.8598836666666666,0.8638974444444444
PERP,0.3026015,0.2938181666666666,0.2653475,0.2876651666666667,0.2936208333333333,0.2705023333333333,0.3041268333333333,0.2745096666666666,0.274267,0.2782108333333333,0.2768018333333333,0.276211,0.2854726666666666,0.2639028333333333,0.2949256666666666,0.2877786666666666,0.2885571666666667,0.2841245,0.2837858333333333,0.2726063333333333,0.2911891666666666,0.2898893333333333,0.2868998333333333,0.2729946666666666,0.2666606666666666,0.2873515,0.2908015,0.2690738333333333,0.2889301666666666,0.292599,0.2880413333333333,0.2958435,0.258892,0.2828538333333333,0.2808436666666666,0.2766961666666667,0.301238,0.2820265,0.2820815,0.3018891666666666,0.2724623333333333,0.2668416666666666,0.2803416666666666,0.278677,0.2790873333333333,0.292556,0.2853653333333333,0.2887093333333333,0.2902935,0.284087,0.2848578333333333,0.2703478333333333,0.2879973333333333,0.2797658333333333,0.2923773333333333,0.2851963333333333,0.2819276666666666,0.2994631666666666,0.3042966666666666,0.2784916666666666,0.2641469999999999,0.2702861666666666,0.2959786666666666,0.2834108333333333
PMAIP1,0.0841126666666666,0.0701713333333333,0.070912,0.0830196666666666,0.0787306666666666,0.0769203333333333,0.0759013333333333,0.0711893333333333,0.0697013333333333,0.0701123333333333,0.0728603333333333,0.0595686666666666,0.0688076666666666,0.0760143333333333,0.0632806666666666,0.064173,0.0692213333333333,0.0638996666666666,0.0680196666666666,0.065611,0.087165,0.069933,0.0816116666666666,0.0741193333333333,0.0745759999999999,0.0710126666666666,0.0692073333333333,0.0876686666666666,0.0682206666666666,0.067076,0.06646,0.074869,0.0812336666666666,0.0824393333333333,0.0703426666666666,0.0554093333333333,0.076302,0.0959663333333333,0.0783656666666666,0.0708973333333333,0.0765,0.0755073333333333,0.0619653333333333,0.079597,0.070701,0.0639913333333333,0.082663,0.0607926666666666,0.0691863333333333,0.085146,0.0674956666666666,0.066336,0.080936,0.0721843333333333,0.08635,0.046895,0.0724733333333333,0.068075,0.075652,0.0657336666666666,0.0742696666666666,0.0700486666666666,0.066506,0.0651566666666666
PPM1D,0.0223345,0.0201705,0.0193945,0.01651775,0.01423275,0.0242615,0.02328925,0.01608025,0.01402175,0.02302175,0.01530425,0.01350625,0.0218985,0.01954825,0.0135905,0.01318125,0.011634,0.015891,0.014552,0.020853,0.01722,0.0180905,0.01796725,0.01797575,0.0253725,0.01575725,0.0189325,0.0184855,0.0195695,0.016778,0.01448275,0.01501175,0.0183435,0.02534075,0.0144695,0.01440825,0.014549,0.02158975,0.0157405,0.015297,0.014722,0.01515525,0.018685,0.017688,0.0277819999999999,0.0236155,0.01956075,0.0233275,0.023447,0.025013,0.018684,0.0188545,0.016229,0.0235034999999999,0.0265825,0.012894,0.02293425,0.01503125,0.0210825,0.01166375,0.02235825,0.014737,0.02182725,0.017363
PTPRC,0.7468395,0.8011155,0.7720985,0.7455350000000001,0.7736860000000001,0.7727835000000001,0.7642575,0.7729955,0.7686415,0.75079,0.7545795,0.7686055,0.77999,0.7846345,0.8069155,0.7439720000000001,0.7853155,0.771625,0.7448224999999999,0.7427655,0.756545,0.721689,0.799373,0.7325205,0.696722,0.766879,0.7841035000000001,0.756432,0.758063,0.785308,0.755487,0.7521525,0.7235054999999999,0.7638545,0.783318,0.7764139999999999,0.822667,0.732356,0.766284,0.8072725000000001,0.7444504999999999,0.7813865,0.7994805,0.7994735,0.7244065,0.8034715,0.768729,0.7913905,0.7910915000000001,0.7522595,0.740889,0.755663,0.741773,0.7465425,0.781603,0.8062685,0.764358,0.7809915000000001,0.766769,0.74714,0.728842,0.7512369999999999,0.731071,0.7898225
RRM2,0.0464351,0.0505684999999999,0.0353763999999999,0.0495909,0.0469635,0.0555812,0.0569071,0.0445022,0.0408841,0.0428379,0.0446818,0.0440303,0.0471088999999999,0.0424477,0.0317589999999999,0.0280787,0.0359428,0.0424437,0.0379197,0.0556134,0.0416926,0.0447019,0.0386552,0.039248,0.0498935,0.0338177,0.0451385,0.0460199,0.0389937,0.0405297,0.0412659,0.039154,0.0448771999999999,0.0557556,0.0403042,0.0388323,0.0428554,0.0430313,0.0457604,0.0364916,0.0445177,0.0445966,0.0332372,0.0393455,0.0456619999999999,0.052517,0.0439641,0.0389234,0.0486898,0.0519778,0.0453582,0.0487245,0.0320008,0.042584,0.0526796,0.0293327,0.0495180999999999,0.0379875,0.0515502,0.0481797,0.0506072,0.0489933,0.0545152,0.0438977
RRM2B,0.40668325,0.39453875,0.3955025,0.360487,0.36545825,0.37664675,0.395242,0.38177275,0.39290125,0.3600145,0.38891525,0.377413,0.3682495,0.383487,0.3962037499999999,0.3747285,0.38483475,0.347224,0.38136475,0.3641415,0.3851515,0.3697235,0.369631,0.3661245,0.36390275,0.377628,0.35779825,0.38851625,0.379117,0.37635575,0.3736585,0.37426275,0.3659325,0.3974324999999999,0.36126,0.3851565,0.39784125,0.3733205,0.37620475,0.39677425,0.3698275,0.363289,0.3644655,0.37073275,0.380244,0.3896875,0.4275767499999999,0.393383,0.404229,0.38233925,0.376827,0.3754532499999999,0.3668435,0.3991635,0.366418,0.37756825,0.37415375,0.3727045,0.36329425,0.3682372499999999,0.379464,0.3802657499999999,0.39266675,0.3725365
SERPINB5,0.87451275,0.8491690000000001,0.85653725,0.8710100000000001,0.82543575,0.854272,0.8414185000000001,0.8573820000000001,0.87471975,0.87184275,0.8962209999999999,0.86171,0.91253725,0.825333,0.89260875,0.8610305,0.86795,0.88787675,0.8754507499999999,0.8244475,0.887544,0.8739885000000001,0.87220275,0.9061295,0.87396175,0.872198,0.88600075,0.8925705,0.887578,0.870065,0.895539,0.873196,0.82599125,0.8696335,0.87240275,0.9208895,0.8884405,0.88688975,0.88745175,0.89329375,0.86147475,0.8303175,0.8786645000000001,0.891115,0.85773325,0.87147275,0.89403125,0.8370335,0.89431125,0.856227,0.8722055,0.82343125,0.89650425,0.8692355,0.87145025,0.88736825,0.8742365,0.9051185,0.88011175,0.8491315,0.86267125,0.87878375,0.8512835,0.8474747499999999
STEAP3,0.23955,0.319449,0.288403,0.359623,0.287356,0.287756,0.347208,0.334967,0.297961,0.306833,0.299329,0.315309,0.321221,0.326256,0.322728,0.310055,0.321414,0.319812,0.311418,0.330837,0.369701,0.320784,0.349267,0.284595,0.308699,0.30793,0.301631,0.295558,0.287649,0.338367,0.310373,0.334679,0.303813,0.353446,0.358637,0.312311,0.303675,0.349886,0.27783,0.324213,0.320557,0.294873,0.313076,0.298979,0.330477,0.312647,0.303681,0.327729,0.312359,0.337487,0.280923,0.281008,0.315074,0.312019,0.331722,0.31259,0.342021,0.294849,0.32507,0.30002,0.348174,0.332021,0.320408,0.266514
TLR5,0.3741412,0.3776342,0.3818951,0.399339,0.3827341999999999,0.3740861,0.3884025,0.3833834,0.3953418,0.384683,0.3838944,0.3697044,0.3830601,0.3766602,0.4010268,0.3940664,0.3838244,0.3668276,0.3739336,0.3688775,0.3914245,0.385705,0.4042963,0.3840501,0.3687391,0.395765,0.3815921,0.3851491,0.3954017,0.3881911,0.3822141,0.3888288,0.3804979,0.3890779,0.3685429,0.3723174,0.3932493,0.3764129,0.3891904,0.37632,0.3885534,0.3829785,0.3817266,0.3968644,0.3737851,0.3748628,0.3875644,0.375899,0.3863089,0.3977449,0.377789,0.3769774,0.3901512,0.3784993,0.3939033,0.373557,0.3980186,0.3796019,0.3838651999999999,0.3879587,0.385728,0.3927113,0.3904067999999999,0.3739316
TLR7,0.0,0.0,0.0,0.0,0.0,0.0,0.0,0.0,0.0,0.0,0.0,0.0,0.0,0.0,0.0,0.0,0.0,0.0,0.0,0.0,0.0,0.0,0.0,0.0,0.0,0.0,0.0,0.0,0.0,0.0,0.0,0.0,0.0,0.0,0.0,0.0,0.0,0.0,0.0,0.0,0.0,0.0,0.0,0.0,0.0,0.0,0.0,0.0,0.0,0.0,0.0,0.0,0.0,0.0,0.0,0.0,0.0,0.0,0.0,0.0,0.0,0.0,0.0,0.0
TLR8,0.0,0.0,0.0,0.0,0.0,0.0,0.0,0.0,0.0,0.0,0.0,0.0,0.0,0.0,0.0,0.0,0.0,0.0,0.0,0.0,0.0,0.0,0.0,0.0,0.0,0.0,0.0,0.0,0.0,0.0,0.0,0.0,0.0,0.0,0.0,0.0,0.0,0.0,0.0,0.0,0.0,0.0,0.0,0.0,0.0,0.0,0.0,0.0,0.0,0.0,0.0,0.0,0.0,0.0,0.0,0.0,0.0,0.0,0.0,0.0,0.0,0.0,0.0,0.0
TLR9,0.8046836666666667,0.800964,0.7871766666666667,0.789968,0.8226399999999999,0.8013629999999999,0.8207903333333334,0.8070363333333334,0.8448373333333333,0.8165473333333333,0.8128839999999999,0.8265643333333333,0.8223600000000001,0.8096040000000001,0.8373253333333333,0.8118056666666668,0.8590166666666667,0.809275,0.8267633333333334,0.776652,0.813112,0.838799,0.799851,0.8131729999999999,0.7909163333333332,0.8162686666666666,0.8240129999999999,0.8084263333333332,0.8197369999999999,0.818315,0.85021,0.8381156666666666,0.7866066666666667,0.8125433333333333,0.819874,0.8115193333333334,0.8147023333333333,0.8012079999999999,0.832954,0.8215873333333333,0.8157856666666667,0.7864916666666666,0.827601,0.8341503333333332,0.8035536666666667,0.7937343333333334,0.845219,0.809721,0.8225783333333334,0.8154066666666667,0.7834183333333334,0.7794340000000001,0.816231,0.7903776666666666,0.8116353333333333,0.8245776666666668,0.822301,0.8229043333333333,0.8215006666666667,0.823068,0.8003396666666666,0.8041999999999999,0.8281446666666666,0.8394663333333333
TNFRSF10A,0.2140184285714285,0.2030534285714285,0.1953732857142857,0.2040861428571428,0.202864,0.205157,0.2104285714285714,0.2001237142857142,0.1921355714285714,0.1912748571428571,0.201138,0.1966812857142857,0.1976837142857142,0.2045934285714285,0.1894008571428571,0.1849552857142857,0.1979554285714286,0.1963912857142857,0.1934054285714285,0.1999378571428571,0.207895,0.1875158571428571,0.2030672857142857,0.1996865714285714,0.1950559999999999,0.1951847142857143,0.193049,0.1945567142857142,0.1902472857142857,0.1925254285714285,0.1938488571428571,0.2040351428571429,0.1880751428571428,0.2090661428571428,0.1915884285714285,0.183351,0.2016849999999999,0.2113787142857142,0.1916298571428571,0.1940517142857143,0.2020745714285714,0.1864992857142857,0.1948065714285714,0.1863834285714285,0.2046539999999999,0.1943032857142857,0.1956679999999999,0.1973408571428571,0.2024582857142857,0.2101485714285714,0.1959827142857143,0.1886,0.1925032857142857,0.1954057142857142,0.2007765714285714,0.1802448571428571,0.1945887142857143,0.1958891428571428,0.208589,0.1997561428571428,0.2006597142857142,0.1993261428571428,0.195563,0.1920907142857142
TNFRSF10B,0.0768255,0.0768045,0.07271275,0.06604325,0.06305075,0.08090925,0.10029225,0.06644825,0.074793,0.06925125,0.070533,0.06465375,0.0663045,0.0925135,0.050001,0.07663975,0.06764,0.06100975,0.0691509999999999,0.06349375,0.068509,0.0730445,0.084049,0.072881,0.06603175,0.07308325,0.0674915,0.08796775,0.066013,0.078597,0.056356,0.060805,0.0766144999999999,0.08684725,0.05294575,0.0612159999999999,0.0836205,0.0730085,0.0678865,0.06307525,0.0635102499999999,0.0738835,0.0798765,0.0611554999999999,0.0821834999999999,0.076527,0.0684367499999999,0.06879125,0.06746425,0.11001075,0.0669805,0.06451275,0.06945725,0.0753747499999999,0.08043275,0.0635879999999999,0.094247,0.06443925,0.0782352499999999,0.07683375,0.0876369999999999,0.0699205,0.07935625,0.066232
TP53I3,0.2119987142857143,0.2158568571428571,0.2117618571428571,0.2489942857142857,0.2048102857142857,0.2194434285714286,0.2061832857142857,0.2183648571428571,0.2097602857142857,0.2467191428571428,0.2334952857142857,0.2304435714285714,0.20685,0.2641995714285714,0.2247107142857143,0.2106998571428571,0.2080094285714286,0.2242457142857143,0.2279154285714285,0.2284137142857142,0.252123,0.2475247142857143,0.2543622857142857,0.249373,0.2096235714285714,0.2194587142857142,0.2138995714285714,0.2190668571428571,0.2142331428571428,0.2370538571428571,0.2466248571428571,0.2492005714285714,0.1982531428571428,0.2309325714285714,0.2336144285714285,0.1926517142857143,0.2358998571428571,0.2385937142857142,0.2354972857142857,0.2663648571428571,0.2095444285714285,0.2354652857142857,0.1831278571428571,0.2194907142857143,0.2119208571428571,0.2083042857142857,0.2610161428571428,0.2491992857142857,0.2234528571428571,0.2534091428571429,0.1867038571428571,0.1874052857142857,0.2381068571428571,0.202316,0.2369981428571428,0.2205777142857143,0.2200687142857142,0.214533,0.2396254285714285,0.204382,0.229783,0.2329267142857143,0.2126911428571428,0.1915601428571428
